--regiao ('Norte','Centro','Lisboa','Alentejo','Algarve')
insert into regiao(num_regiao, nome, num_habitantes) values (0, 'Norte', 1000);
insert into regiao(num_regiao, nome, num_habitantes) values (1, 'Centro', 1000);
insert into regiao(num_regiao, nome, num_habitantes) values (2, 'Lisboa', 1000);
insert into regiao(num_regiao, nome, num_habitantes) values (3, 'Alentejo', 1000);
insert into regiao(num_regiao, nome, num_habitantes) values (4, 'Algarve', 1000);

--concelhos
insert into concelho(num_concelho, num_regiao, nome, num_habitantes) values(1, 0, 'AGUEDA', 1000);
insert into concelho(num_concelho, num_regiao, nome, num_habitantes) values(2, 0, 'ALBERGARIA-A-VELHA', 1000);
insert into concelho(num_concelho, num_regiao, nome, num_habitantes) values(3, 0, 'ANADIA', 1000);
insert into concelho(num_concelho, num_regiao, nome, num_habitantes) values(4, 0, 'AROUCA', 1000);
insert into concelho(num_concelho, num_regiao, nome, num_habitantes) values(5, 0, 'AVEIRO', 1000);
insert into concelho(num_concelho, num_regiao, nome, num_habitantes) values(6, 0, 'CASTELO DE PAIVA', 1000);
insert into concelho(num_concelho, num_regiao, nome, num_habitantes) values(7, 0, 'ESPINHO', 1000);
insert into concelho(num_concelho, num_regiao, nome, num_habitantes) values(8, 0, 'ESTARREJA', 1000);
insert into concelho(num_concelho, num_regiao, nome, num_habitantes) values(9, 0, 'SANTA MARIA DA FEIRA', 1000);
insert into concelho(num_concelho, num_regiao, nome, num_habitantes) values(10, 0, 'ILHAVO', 1000);
insert into concelho(num_concelho, num_regiao, nome, num_habitantes) values(11, 0, 'MEALHADA', 1000);
insert into concelho(num_concelho, num_regiao, nome, num_habitantes) values(12, 0, 'MURTOSA', 1000);
insert into concelho(num_concelho, num_regiao, nome, num_habitantes) values(13, 0, 'OLIVEIRA DE AZEMEIS', 1000);
insert into concelho(num_concelho, num_regiao, nome, num_habitantes) values(14, 0, 'OLIVEIRA DO BAIRRO', 1000);
insert into concelho(num_concelho, num_regiao, nome, num_habitantes) values(15, 0, 'OVAR', 1000);
insert into concelho(num_concelho, num_regiao, nome, num_habitantes) values(16, 0, 'S. JOÃO DA MADEIRA', 1000);
insert into concelho(num_concelho, num_regiao, nome, num_habitantes) values(17, 0, 'SEVER DO VOUGA', 1000);
insert into concelho(num_concelho, num_regiao, nome, num_habitantes) values(18, 0, 'VAGOS', 1000);
insert into concelho(num_concelho, num_regiao, nome, num_habitantes) values(19, 0, 'VALE DE CAMBRA', 1000);
insert into concelho(num_concelho, num_regiao, nome, num_habitantes) values(1, 3, 'ALJUSTREL', 1000);
insert into concelho(num_concelho, num_regiao, nome, num_habitantes) values(2, 3, 'ALMODOVAR', 1000);
insert into concelho(num_concelho, num_regiao, nome, num_habitantes) values(3, 3, 'ALVITO', 1000);
insert into concelho(num_concelho, num_regiao, nome, num_habitantes) values(4, 3, 'BARRANCOS', 1000);
insert into concelho(num_concelho, num_regiao, nome, num_habitantes) values(5, 3, 'BEJA', 1000);
insert into concelho(num_concelho, num_regiao, nome, num_habitantes) values(6, 3, 'CASTRO VERDE', 1000);
insert into concelho(num_concelho, num_regiao, nome, num_habitantes) values(7, 3, 'CUBA', 1000);
insert into concelho(num_concelho, num_regiao, nome, num_habitantes) values(8, 3, 'FERREIRA DO ALENTEJO', 1000);
insert into concelho(num_concelho, num_regiao, nome, num_habitantes) values(9, 3, 'MERTOLA', 1000);
insert into concelho(num_concelho, num_regiao, nome, num_habitantes) values(10, 3, 'MOURA', 1000);
insert into concelho(num_concelho, num_regiao, nome, num_habitantes) values(11, 3, 'ODEMIRA', 1000);
insert into concelho(num_concelho, num_regiao, nome, num_habitantes) values(12, 3, 'OURIQUE', 1000);
insert into concelho(num_concelho, num_regiao, nome, num_habitantes) values(13, 3, 'SERPA', 1000);
insert into concelho(num_concelho, num_regiao, nome, num_habitantes) values(14, 3, 'VIDIGUEIRA', 1000);
insert into concelho(num_concelho, num_regiao, nome, num_habitantes) values(20, 0, 'AMARES', 1000);
insert into concelho(num_concelho, num_regiao, nome, num_habitantes) values(21, 0, 'BARCELOS', 1000);
insert into concelho(num_concelho, num_regiao, nome, num_habitantes) values(22, 0, 'BRAGA', 1000);
insert into concelho(num_concelho, num_regiao, nome, num_habitantes) values(23, 0, 'CABECEIRAS DE BASTO', 1000);
insert into concelho(num_concelho, num_regiao, nome, num_habitantes) values(24, 0, 'CELORICO DE BASTO', 1000);
insert into concelho(num_concelho, num_regiao, nome, num_habitantes) values(25, 0, 'ESPOSENDE', 1000);
insert into concelho(num_concelho, num_regiao, nome, num_habitantes) values(26, 0, 'FAFE', 1000);
insert into concelho(num_concelho, num_regiao, nome, num_habitantes) values(27, 0, 'GUIMARÃES', 1000);
insert into concelho(num_concelho, num_regiao, nome, num_habitantes) values(28, 0, 'POVOA DE LANHOSO', 1000);
insert into concelho(num_concelho, num_regiao, nome, num_habitantes) values(29, 0, 'TERRAS DE BOURO', 1000);
insert into concelho(num_concelho, num_regiao, nome, num_habitantes) values(30, 0, 'VIEIRA DO MINHO', 1000);
insert into concelho(num_concelho, num_regiao, nome, num_habitantes) values(31, 0, 'VILA NOVA DE FAMALICÃO', 1000);
insert into concelho(num_concelho, num_regiao, nome, num_habitantes) values(32, 0, 'VILA VERDE', 1000);
insert into concelho(num_concelho, num_regiao, nome, num_habitantes) values(33, 0, 'VIZELA', 1000);
insert into concelho(num_concelho, num_regiao, nome, num_habitantes) values(34, 0, 'ALFANDEGA DA FE', 1000);
insert into concelho(num_concelho, num_regiao, nome, num_habitantes) values(35, 0, 'BRAGANÇA', 1000);
insert into concelho(num_concelho, num_regiao, nome, num_habitantes) values(36, 0, 'CARRAZEDA DE ANSIÃES', 1000);
insert into concelho(num_concelho, num_regiao, nome, num_habitantes) values(37, 0, 'FREIXO DE ESPADA A CINTA', 1000);
insert into concelho(num_concelho, num_regiao, nome, num_habitantes) values(38, 0, 'MACEDO DE CAVALEIROS', 1000);
insert into concelho(num_concelho, num_regiao, nome, num_habitantes) values(39, 0, 'MIRANDA DO DOURO', 1000);
insert into concelho(num_concelho, num_regiao, nome, num_habitantes) values(40, 0, 'MIRANDELA', 1000);
insert into concelho(num_concelho, num_regiao, nome, num_habitantes) values(41, 0, 'MOGADOURO', 1000);
insert into concelho(num_concelho, num_regiao, nome, num_habitantes) values(42, 0, 'TORRE DE MONCORVO', 1000);
insert into concelho(num_concelho, num_regiao, nome, num_habitantes) values(43, 0, 'VILA FLOR', 1000);
insert into concelho(num_concelho, num_regiao, nome, num_habitantes) values(44, 0, 'VIMIOSO', 1000);
insert into concelho(num_concelho, num_regiao, nome, num_habitantes) values(45, 0, 'VINHAIS', 1000);
insert into concelho(num_concelho, num_regiao, nome, num_habitantes) values(46, 0, 'BELMONTE', 1000);
insert into concelho(num_concelho, num_regiao, nome, num_habitantes) values(47, 0, 'CASTELO BRANCO', 1000);
insert into concelho(num_concelho, num_regiao, nome, num_habitantes) values(48, 0, 'COVILHÃ', 1000);
insert into concelho(num_concelho, num_regiao, nome, num_habitantes) values(49, 0, 'FUNDÃO', 1000);
insert into concelho(num_concelho, num_regiao, nome, num_habitantes) values(50, 0, 'IDANHA-A-NOVA', 1000);
insert into concelho(num_concelho, num_regiao, nome, num_habitantes) values(51, 0, 'OLEIROS', 1000);
insert into concelho(num_concelho, num_regiao, nome, num_habitantes) values(52, 0, 'PENAMACOR', 1000);
insert into concelho(num_concelho, num_regiao, nome, num_habitantes) values(53, 0, 'PROENÇA-A-NOVA', 1000);
insert into concelho(num_concelho, num_regiao, nome, num_habitantes) values(54, 0, 'SERTÃ', 1000);
insert into concelho(num_concelho, num_regiao, nome, num_habitantes) values(55, 0, 'VILA DE REI', 1000);
insert into concelho(num_concelho, num_regiao, nome, num_habitantes) values(56, 0, 'VILA VELHA DE RODÃO', 1000);
insert into concelho(num_concelho, num_regiao, nome, num_habitantes) values(1, 1, 'ARGANIL', 1000);
insert into concelho(num_concelho, num_regiao, nome, num_habitantes) values(2, 1, 'CANTANHEDE', 1000);
insert into concelho(num_concelho, num_regiao, nome, num_habitantes) values(3, 1, 'COIMBRA', 1000);
insert into concelho(num_concelho, num_regiao, nome, num_habitantes) values(4, 1, 'CONDEIXA-A-NOVA', 1000);
insert into concelho(num_concelho, num_regiao, nome, num_habitantes) values(5, 1, 'FIGUEIRA DA FOZ', 1000);
insert into concelho(num_concelho, num_regiao, nome, num_habitantes) values(6, 1, 'GOIS', 1000);
insert into concelho(num_concelho, num_regiao, nome, num_habitantes) values(7, 1, 'LOUSÃ', 1000);
insert into concelho(num_concelho, num_regiao, nome, num_habitantes) values(8, 1, 'MIRA', 1000);
insert into concelho(num_concelho, num_regiao, nome, num_habitantes) values(9, 1, 'MIRANDA DO CORVO', 1000);
insert into concelho(num_concelho, num_regiao, nome, num_habitantes) values(10, 1, 'MONTEMOR-O-VELHO', 1000);
insert into concelho(num_concelho, num_regiao, nome, num_habitantes) values(11, 1, 'OLIVEIRA DO HOSPITAL', 1000);
insert into concelho(num_concelho, num_regiao, nome, num_habitantes) values(12, 1, 'PAMPILHOSA DA SERRA', 1000);
insert into concelho(num_concelho, num_regiao, nome, num_habitantes) values(13, 1, 'PENACOVA', 1000);
insert into concelho(num_concelho, num_regiao, nome, num_habitantes) values(14, 1, 'PENELA', 1000);
insert into concelho(num_concelho, num_regiao, nome, num_habitantes) values(15, 1, 'SOURE', 1000);
insert into concelho(num_concelho, num_regiao, nome, num_habitantes) values(16, 1, 'TABUA', 1000);
insert into concelho(num_concelho, num_regiao, nome, num_habitantes) values(17, 1, 'VILA NOVA DE POIARES', 1000);
insert into concelho(num_concelho, num_regiao, nome, num_habitantes) values(15, 3, 'ALANDROAL', 1000);
insert into concelho(num_concelho, num_regiao, nome, num_habitantes) values(16, 3, 'ARRAIOLOS', 1000);
insert into concelho(num_concelho, num_regiao, nome, num_habitantes) values(17, 3, 'BORBA', 1000);
insert into concelho(num_concelho, num_regiao, nome, num_habitantes) values(18, 3, 'ESTREMOZ', 1000);
insert into concelho(num_concelho, num_regiao, nome, num_habitantes) values(19, 3, 'EVORA', 1000);
insert into concelho(num_concelho, num_regiao, nome, num_habitantes) values(20, 3, 'MONTEMOR-O-NOVO', 1000);
insert into concelho(num_concelho, num_regiao, nome, num_habitantes) values(21, 3, 'MORA', 1000);
insert into concelho(num_concelho, num_regiao, nome, num_habitantes) values(22, 3, 'MOURÃO', 1000);
insert into concelho(num_concelho, num_regiao, nome, num_habitantes) values(23, 3, 'PORTEL', 1000);
insert into concelho(num_concelho, num_regiao, nome, num_habitantes) values(24, 3, 'REDONDO', 1000);
insert into concelho(num_concelho, num_regiao, nome, num_habitantes) values(25, 3, 'REGUENGOS DE MONSARAZ', 1000);
insert into concelho(num_concelho, num_regiao, nome, num_habitantes) values(26, 3, 'VENDAS NOVAS', 1000);
insert into concelho(num_concelho, num_regiao, nome, num_habitantes) values(27, 3, 'VIANA DO ALENTEJO', 1000);
insert into concelho(num_concelho, num_regiao, nome, num_habitantes) values(28, 3, 'VILA VIÇOSA', 1000);
insert into concelho(num_concelho, num_regiao, nome, num_habitantes) values(1, 4, 'ALBUFEIRA', 1000);
insert into concelho(num_concelho, num_regiao, nome, num_habitantes) values(2, 4, 'ALCOUTIM', 1000);
insert into concelho(num_concelho, num_regiao, nome, num_habitantes) values(3, 4, 'ALJEZUR', 1000);
insert into concelho(num_concelho, num_regiao, nome, num_habitantes) values(4, 4, 'CASTRO MARIM', 1000);
insert into concelho(num_concelho, num_regiao, nome, num_habitantes) values(5, 4, 'FARO', 1000);
insert into concelho(num_concelho, num_regiao, nome, num_habitantes) values(6, 4, 'LAGOA (ALGARVE)', 1000);
insert into concelho(num_concelho, num_regiao, nome, num_habitantes) values(7, 4, 'LAGOS', 1000);
insert into concelho(num_concelho, num_regiao, nome, num_habitantes) values(8, 4, 'LOULE', 1000);
insert into concelho(num_concelho, num_regiao, nome, num_habitantes) values(9, 4, 'MONCHIQUE', 1000);
insert into concelho(num_concelho, num_regiao, nome, num_habitantes) values(10, 4, 'OLHÃO', 1000);
insert into concelho(num_concelho, num_regiao, nome, num_habitantes) values(11, 4, 'PORTIMÃO', 1000);
insert into concelho(num_concelho, num_regiao, nome, num_habitantes) values(12, 4, 'S. BRAS DE ALPORTEL', 1000);
insert into concelho(num_concelho, num_regiao, nome, num_habitantes) values(13, 4, 'SILVES', 1000);
insert into concelho(num_concelho, num_regiao, nome, num_habitantes) values(14, 4, 'TAVIRA', 1000);
insert into concelho(num_concelho, num_regiao, nome, num_habitantes) values(15, 4, 'VILA DO BISPO', 1000);
insert into concelho(num_concelho, num_regiao, nome, num_habitantes) values(16, 4, 'VILA REAL DE SANTO ANTONIO', 1000);
insert into concelho(num_concelho, num_regiao, nome, num_habitantes) values(57, 0, 'AGUIAR DA BEIRA', 1000);
insert into concelho(num_concelho, num_regiao, nome, num_habitantes) values(58, 0, 'ALMEIDA', 1000);
insert into concelho(num_concelho, num_regiao, nome, num_habitantes) values(59, 0, 'CELORICO DA BEIRA', 1000);
insert into concelho(num_concelho, num_regiao, nome, num_habitantes) values(60, 0, 'FIGUEIRA DE CASTELO RODRIGO', 1000);
insert into concelho(num_concelho, num_regiao, nome, num_habitantes) values(61, 0, 'FORNOS DE ALGODRES', 1000);
insert into concelho(num_concelho, num_regiao, nome, num_habitantes) values(62, 0, 'GOUVEIA', 1000);
insert into concelho(num_concelho, num_regiao, nome, num_habitantes) values(63, 0, 'GUARDA', 1000);
insert into concelho(num_concelho, num_regiao, nome, num_habitantes) values(64, 0, 'MANTEIGAS', 1000);
insert into concelho(num_concelho, num_regiao, nome, num_habitantes) values(65, 0, 'MEDA', 1000);
insert into concelho(num_concelho, num_regiao, nome, num_habitantes) values(66, 0, 'PINHEL', 1000);
insert into concelho(num_concelho, num_regiao, nome, num_habitantes) values(67, 0, 'SABUGAL', 1000);
insert into concelho(num_concelho, num_regiao, nome, num_habitantes) values(68, 0, 'SEIA', 1000);
insert into concelho(num_concelho, num_regiao, nome, num_habitantes) values(69, 0, 'TRANCOSO', 1000);
insert into concelho(num_concelho, num_regiao, nome, num_habitantes) values(70, 0, 'VILA NOVA DE FOZ COA', 1000);
insert into concelho(num_concelho, num_regiao, nome, num_habitantes) values(18, 1, 'ALCOBAÇA', 1000);
insert into concelho(num_concelho, num_regiao, nome, num_habitantes) values(19, 1, 'ALVAIAZERE', 1000);
insert into concelho(num_concelho, num_regiao, nome, num_habitantes) values(20, 1, 'ANSIÃO', 1000);
insert into concelho(num_concelho, num_regiao, nome, num_habitantes) values(21, 1, 'BATALHA', 1000);
insert into concelho(num_concelho, num_regiao, nome, num_habitantes) values(22, 1, 'BOMBARRAL', 1000);
insert into concelho(num_concelho, num_regiao, nome, num_habitantes) values(23, 1, 'CALDAS DA RAINHA', 1000);
insert into concelho(num_concelho, num_regiao, nome, num_habitantes) values(24, 1, 'CASTANHEIRA DE PERA', 1000);
insert into concelho(num_concelho, num_regiao, nome, num_habitantes) values(25, 1, 'FIGUEIRO DOS VINHOS', 1000);
insert into concelho(num_concelho, num_regiao, nome, num_habitantes) values(26, 1, 'LEIRIA', 1000);
insert into concelho(num_concelho, num_regiao, nome, num_habitantes) values(27, 1, 'MARINHA GRANDE', 1000);
insert into concelho(num_concelho, num_regiao, nome, num_habitantes) values(28, 1, 'NAZARE', 1000);
insert into concelho(num_concelho, num_regiao, nome, num_habitantes) values(29, 1, 'OBIDOS', 1000);
insert into concelho(num_concelho, num_regiao, nome, num_habitantes) values(30, 1, 'PEDROGÃO GRANDE', 1000);
insert into concelho(num_concelho, num_regiao, nome, num_habitantes) values(31, 1, 'PENICHE', 1000);
insert into concelho(num_concelho, num_regiao, nome, num_habitantes) values(32, 1, 'POMBAL', 1000);
insert into concelho(num_concelho, num_regiao, nome, num_habitantes) values(33, 1, 'PORTO DE MOS', 1000);
insert into concelho(num_concelho, num_regiao, nome, num_habitantes) values(1, 2, 'ALENQUER', 1000);
insert into concelho(num_concelho, num_regiao, nome, num_habitantes) values(2, 2, 'ARRUDA DOS VINHOS', 1000);
insert into concelho(num_concelho, num_regiao, nome, num_habitantes) values(3, 2, 'AZAMBUJA', 1000);
insert into concelho(num_concelho, num_regiao, nome, num_habitantes) values(4, 2, 'CADAVAL', 1000);
insert into concelho(num_concelho, num_regiao, nome, num_habitantes) values(5, 2, 'CASCAIS', 1000);
insert into concelho(num_concelho, num_regiao, nome, num_habitantes) values(6, 2, 'LISBOA', 1000);
insert into concelho(num_concelho, num_regiao, nome, num_habitantes) values(7, 2, 'LOURES', 1000);
insert into concelho(num_concelho, num_regiao, nome, num_habitantes) values(8, 2, 'LOURINHÃ', 1000);
insert into concelho(num_concelho, num_regiao, nome, num_habitantes) values(9, 2, 'MAFRA', 1000);
insert into concelho(num_concelho, num_regiao, nome, num_habitantes) values(10, 2, 'OEIRAS', 1000);
insert into concelho(num_concelho, num_regiao, nome, num_habitantes) values(11, 2, 'SINTRA', 1000);
insert into concelho(num_concelho, num_regiao, nome, num_habitantes) values(12, 2, 'SOBRAL DE MONTE AGRAÇO', 1000);
insert into concelho(num_concelho, num_regiao, nome, num_habitantes) values(13, 2, 'TORRES VEDRAS', 1000);
insert into concelho(num_concelho, num_regiao, nome, num_habitantes) values(14, 2, 'VILA FRANCA DE XIRA', 1000);
insert into concelho(num_concelho, num_regiao, nome, num_habitantes) values(15, 2, 'AMADORA', 1000);
insert into concelho(num_concelho, num_regiao, nome, num_habitantes) values(16, 2, 'ODIVELAS', 1000);
insert into concelho(num_concelho, num_regiao, nome, num_habitantes) values(29, 3, 'ALTER DO CHÃO', 1000);
insert into concelho(num_concelho, num_regiao, nome, num_habitantes) values(30, 3, 'ARRONCHES', 1000);
insert into concelho(num_concelho, num_regiao, nome, num_habitantes) values(31, 3, 'AVIS', 1000);
insert into concelho(num_concelho, num_regiao, nome, num_habitantes) values(32, 3, 'CAMPO MAIOR', 1000);
insert into concelho(num_concelho, num_regiao, nome, num_habitantes) values(33, 3, 'CASTELO DE VIDE', 1000);
insert into concelho(num_concelho, num_regiao, nome, num_habitantes) values(34, 3, 'CRATO', 1000);
insert into concelho(num_concelho, num_regiao, nome, num_habitantes) values(35, 3, 'ELVAS', 1000);
insert into concelho(num_concelho, num_regiao, nome, num_habitantes) values(36, 3, 'FRONTEIRA', 1000);
insert into concelho(num_concelho, num_regiao, nome, num_habitantes) values(37, 3, 'GAVIÃO', 1000);
insert into concelho(num_concelho, num_regiao, nome, num_habitantes) values(38, 3, 'MARVÃO', 1000);
insert into concelho(num_concelho, num_regiao, nome, num_habitantes) values(39, 3, 'MONFORTE', 1000);
insert into concelho(num_concelho, num_regiao, nome, num_habitantes) values(40, 3, 'NISA', 1000);
insert into concelho(num_concelho, num_regiao, nome, num_habitantes) values(41, 3, 'PONTE DE SOR', 1000);
insert into concelho(num_concelho, num_regiao, nome, num_habitantes) values(42, 3, 'PORTALEGRE', 1000);
insert into concelho(num_concelho, num_regiao, nome, num_habitantes) values(43, 3, 'SOUSEL', 1000);
insert into concelho(num_concelho, num_regiao, nome, num_habitantes) values(71, 0, 'AMARANTE', 1000);
insert into concelho(num_concelho, num_regiao, nome, num_habitantes) values(72, 0, 'BAIÃO', 1000);
insert into concelho(num_concelho, num_regiao, nome, num_habitantes) values(73, 0, 'FELGUEIRAS', 1000);
insert into concelho(num_concelho, num_regiao, nome, num_habitantes) values(74, 0, 'GONDOMAR', 1000);
insert into concelho(num_concelho, num_regiao, nome, num_habitantes) values(75, 0, 'LOUSADA', 1000);
insert into concelho(num_concelho, num_regiao, nome, num_habitantes) values(76, 0, 'MAIA', 1000);
insert into concelho(num_concelho, num_regiao, nome, num_habitantes) values(77, 0, 'MARCO DE CANAVESES', 1000);
insert into concelho(num_concelho, num_regiao, nome, num_habitantes) values(78, 0, 'MATOSINHOS', 1000);
insert into concelho(num_concelho, num_regiao, nome, num_habitantes) values(79, 0, 'PAÇOS DE FERREIRA', 1000);
insert into concelho(num_concelho, num_regiao, nome, num_habitantes) values(80, 0, 'PAREDES', 1000);
insert into concelho(num_concelho, num_regiao, nome, num_habitantes) values(81, 0, 'PENAFIEL', 1000);
insert into concelho(num_concelho, num_regiao, nome, num_habitantes) values(82, 0, 'PORTO', 1000);
insert into concelho(num_concelho, num_regiao, nome, num_habitantes) values(83, 0, 'POVOA DE VARZIM', 1000);
insert into concelho(num_concelho, num_regiao, nome, num_habitantes) values(84, 0, 'SANTO TIRSO', 1000);
insert into concelho(num_concelho, num_regiao, nome, num_habitantes) values(85, 0, 'VALONGO', 1000);
insert into concelho(num_concelho, num_regiao, nome, num_habitantes) values(86, 0, 'VILA DO CONDE', 1000);
insert into concelho(num_concelho, num_regiao, nome, num_habitantes) values(87, 0, 'VILA NOVA DE GAIA', 1000);
insert into concelho(num_concelho, num_regiao, nome, num_habitantes) values(88, 0, 'TROFA', 1000);
insert into concelho(num_concelho, num_regiao, nome, num_habitantes) values(44, 3, 'ABRANTES', 1000);
insert into concelho(num_concelho, num_regiao, nome, num_habitantes) values(45, 3, 'ALCANENA', 1000);
insert into concelho(num_concelho, num_regiao, nome, num_habitantes) values(46, 3, 'ALMEIRIM', 1000);
insert into concelho(num_concelho, num_regiao, nome, num_habitantes) values(47, 3, 'ALPIARÇA', 1000);
insert into concelho(num_concelho, num_regiao, nome, num_habitantes) values(48, 3, 'BENAVENTE', 1000);
insert into concelho(num_concelho, num_regiao, nome, num_habitantes) values(49, 3, 'CARTAXO', 1000);
insert into concelho(num_concelho, num_regiao, nome, num_habitantes) values(50, 3, 'CHAMUSCA', 1000);
insert into concelho(num_concelho, num_regiao, nome, num_habitantes) values(51, 3, 'CONSTANCIA', 1000);
insert into concelho(num_concelho, num_regiao, nome, num_habitantes) values(52, 3, 'CORUCHE', 1000);
insert into concelho(num_concelho, num_regiao, nome, num_habitantes) values(53, 3, 'ENTRONCAMENTO', 1000);
insert into concelho(num_concelho, num_regiao, nome, num_habitantes) values(54, 3, 'FERREIRA DO ZEZERE', 1000);
insert into concelho(num_concelho, num_regiao, nome, num_habitantes) values(55, 3, 'GOLEGÃ', 1000);
insert into concelho(num_concelho, num_regiao, nome, num_habitantes) values(56, 3, 'MAÇÃO', 1000);
insert into concelho(num_concelho, num_regiao, nome, num_habitantes) values(57, 3, 'RIO MAIOR', 1000);
insert into concelho(num_concelho, num_regiao, nome, num_habitantes) values(58, 3, 'SALVATERRA DE MAGOS', 1000);
insert into concelho(num_concelho, num_regiao, nome, num_habitantes) values(59, 3, 'SANTAREM', 1000);
insert into concelho(num_concelho, num_regiao, nome, num_habitantes) values(60, 3, 'SARDOAL', 1000);
insert into concelho(num_concelho, num_regiao, nome, num_habitantes) values(61, 3, 'TOMAR', 1000);
insert into concelho(num_concelho, num_regiao, nome, num_habitantes) values(62, 3, 'TORRES NOVAS', 1000);
insert into concelho(num_concelho, num_regiao, nome, num_habitantes) values(63, 3, 'VILA NOVA DA BARQUINHA', 1000);
insert into concelho(num_concelho, num_regiao, nome, num_habitantes) values(64, 3, 'OUREM', 1000);
insert into concelho(num_concelho, num_regiao, nome, num_habitantes) values(17, 2, 'ALCACER DO SAL', 1000);
insert into concelho(num_concelho, num_regiao, nome, num_habitantes) values(18, 2, 'ALCOCHETE', 1000);
insert into concelho(num_concelho, num_regiao, nome, num_habitantes) values(19, 2, 'ALMADA', 1000);
insert into concelho(num_concelho, num_regiao, nome, num_habitantes) values(20, 2, 'BARREIRO', 1000);
insert into concelho(num_concelho, num_regiao, nome, num_habitantes) values(21, 2, 'GRANDOLA', 1000);
insert into concelho(num_concelho, num_regiao, nome, num_habitantes) values(22, 2, 'MOITA', 1000);
insert into concelho(num_concelho, num_regiao, nome, num_habitantes) values(23, 2, 'MONTIJO', 1000);
insert into concelho(num_concelho, num_regiao, nome, num_habitantes) values(24, 2, 'PALMELA', 1000);
insert into concelho(num_concelho, num_regiao, nome, num_habitantes) values(25, 2, 'SANTIAGO DO CACEM', 1000);
insert into concelho(num_concelho, num_regiao, nome, num_habitantes) values(26, 2, 'SEIXAL', 1000);
insert into concelho(num_concelho, num_regiao, nome, num_habitantes) values(27, 2, 'SESIMBRA', 1000);
insert into concelho(num_concelho, num_regiao, nome, num_habitantes) values(28, 2, 'SETUBAL', 1000);
insert into concelho(num_concelho, num_regiao, nome, num_habitantes) values(29, 2, 'SINES', 1000);
insert into concelho(num_concelho, num_regiao, nome, num_habitantes) values(89, 0, 'ARCOS DE VALDEVEZ', 1000);
insert into concelho(num_concelho, num_regiao, nome, num_habitantes) values(90, 0, 'CAMINHA', 1000);
insert into concelho(num_concelho, num_regiao, nome, num_habitantes) values(91, 0, 'MELGAÇO', 1000);
insert into concelho(num_concelho, num_regiao, nome, num_habitantes) values(92, 0, 'MONÇÃO', 1000);
insert into concelho(num_concelho, num_regiao, nome, num_habitantes) values(93, 0, 'PAREDES DE COURA', 1000);
insert into concelho(num_concelho, num_regiao, nome, num_habitantes) values(94, 0, 'PONTE DA BARCA', 1000);
insert into concelho(num_concelho, num_regiao, nome, num_habitantes) values(95, 0, 'PONTE DE LIMA', 1000);
insert into concelho(num_concelho, num_regiao, nome, num_habitantes) values(96, 0, 'VALENÇA', 1000);
insert into concelho(num_concelho, num_regiao, nome, num_habitantes) values(97, 0, 'VIANA DO CASTELO', 1000);
insert into concelho(num_concelho, num_regiao, nome, num_habitantes) values(98, 0, 'VILA NOVA DE CERVEIRA', 1000);
insert into concelho(num_concelho, num_regiao, nome, num_habitantes) values(99, 0, 'ALIJO', 1000);
insert into concelho(num_concelho, num_regiao, nome, num_habitantes) values(100, 0, 'BOTICAS', 1000);
insert into concelho(num_concelho, num_regiao, nome, num_habitantes) values(101, 0, 'CHAVES', 1000);
insert into concelho(num_concelho, num_regiao, nome, num_habitantes) values(102, 0, 'MESÃO FRIO', 1000);
insert into concelho(num_concelho, num_regiao, nome, num_habitantes) values(103, 0, 'MONDIM DE BASTO', 1000);
insert into concelho(num_concelho, num_regiao, nome, num_habitantes) values(104, 0, 'MONTALEGRE', 1000);
insert into concelho(num_concelho, num_regiao, nome, num_habitantes) values(105, 0, 'MURÇA', 1000);
insert into concelho(num_concelho, num_regiao, nome, num_habitantes) values(106, 0, 'PESO DA REGUA', 1000);
insert into concelho(num_concelho, num_regiao, nome, num_habitantes) values(107, 0, 'RIBEIRA DE PENA', 1000);
insert into concelho(num_concelho, num_regiao, nome, num_habitantes) values(108, 0, 'SABROSA', 1000);
insert into concelho(num_concelho, num_regiao, nome, num_habitantes) values(109, 0, 'SANTA MARTA DE PENAGUIÃO', 1000);
insert into concelho(num_concelho, num_regiao, nome, num_habitantes) values(110, 0, 'VALPAÇOS', 1000);
insert into concelho(num_concelho, num_regiao, nome, num_habitantes) values(111, 0, 'VILA POUCA DE AGUIAR', 1000);
insert into concelho(num_concelho, num_regiao, nome, num_habitantes) values(112, 0, 'VILA REAL', 1000);
insert into concelho(num_concelho, num_regiao, nome, num_habitantes) values(113, 0, 'ARMAMAR', 1000);
insert into concelho(num_concelho, num_regiao, nome, num_habitantes) values(114, 0, 'CARREGAL DO SAL', 1000);
insert into concelho(num_concelho, num_regiao, nome, num_habitantes) values(115, 0, 'CASTRO DAIRE', 1000);
insert into concelho(num_concelho, num_regiao, nome, num_habitantes) values(116, 0, 'CINFÃES', 1000);
insert into concelho(num_concelho, num_regiao, nome, num_habitantes) values(117, 0, 'LAMEGO', 1000);
insert into concelho(num_concelho, num_regiao, nome, num_habitantes) values(118, 0, 'MANGUALDE', 1000);
insert into concelho(num_concelho, num_regiao, nome, num_habitantes) values(119, 0, 'MOIMENTA DA BEIRA', 1000);
insert into concelho(num_concelho, num_regiao, nome, num_habitantes) values(120, 0, 'MORTAGUA', 1000);
insert into concelho(num_concelho, num_regiao, nome, num_habitantes) values(121, 0, 'NELAS', 1000);
insert into concelho(num_concelho, num_regiao, nome, num_habitantes) values(122, 0, 'OLIVEIRA DE FRADES', 1000);
insert into concelho(num_concelho, num_regiao, nome, num_habitantes) values(123, 0, 'PENALVA DO CASTELO', 1000);
insert into concelho(num_concelho, num_regiao, nome, num_habitantes) values(124, 0, 'PENEDONO', 1000);
insert into concelho(num_concelho, num_regiao, nome, num_habitantes) values(125, 0, 'RESENDE', 1000);
insert into concelho(num_concelho, num_regiao, nome, num_habitantes) values(126, 0, 'SANTA COMBA DÃO', 1000);
insert into concelho(num_concelho, num_regiao, nome, num_habitantes) values(127, 0, 'S. JOÃO DA PESQUEIRA', 1000);
insert into concelho(num_concelho, num_regiao, nome, num_habitantes) values(128, 0, 'S. PEDRO DO SUL', 1000);
insert into concelho(num_concelho, num_regiao, nome, num_habitantes) values(129, 0, 'SATÃO', 1000);
insert into concelho(num_concelho, num_regiao, nome, num_habitantes) values(130, 0, 'SERNANCELHE', 1000);
insert into concelho(num_concelho, num_regiao, nome, num_habitantes) values(131, 0, 'TABUAÇO', 1000);
insert into concelho(num_concelho, num_regiao, nome, num_habitantes) values(132, 0, 'TAROUCA', 1000);
insert into concelho(num_concelho, num_regiao, nome, num_habitantes) values(133, 0, 'TONDELA', 1000);
insert into concelho(num_concelho, num_regiao, nome, num_habitantes) values(134, 0, 'VILA NOVA DE PAIVA', 1000);
insert into concelho(num_concelho, num_regiao, nome, num_habitantes) values(135, 0, 'VISEU', 1000);

--instituicao ('farmacia', 'laboratorio', 'clinica', 'hospital')
insert into instituicao(nome, tipo, num_regiao, num_concelho) values ('Farmacia Lobo', 'farmacia','0','133');
insert into instituicao(nome, tipo, num_regiao, num_concelho) values ('Clinica Teixeira', 'clinica','1','29');
insert into instituicao(nome, tipo, num_regiao, num_concelho) values ('Hospital Venceslau', 'hospital','0','4');
insert into instituicao(nome, tipo, num_regiao, num_concelho) values ('Laboratorio Correia', 'laboratorio','0','135');
insert into instituicao(nome, tipo, num_regiao, num_concelho) values ('Farmacia Anacleto', 'farmacia','0','4');
insert into instituicao(nome, tipo, num_regiao, num_concelho) values ('Farmacia Bliss', 'farmacia','0','4');
insert into instituicao(nome, tipo, num_regiao, num_concelho) values ('Farmacia Caramba', 'farmacia','0','4');

insert into instituicao(nome, tipo, num_regiao, num_concelho) values ('Farmacia Diamante', 'farmacia','2','8');
insert into instituicao(nome, tipo, num_regiao, num_concelho) values ('Farmacia Emaculada', 'farmacia','2','8');
insert into instituicao(nome, tipo, num_regiao, num_concelho) values ('Farmacia Flexers', 'farmacia','1','10');

insert into instituicao(nome, tipo, num_regiao, num_concelho) values ('Clinica X', 'clinica','4','12');
insert into instituicao(nome, tipo, num_regiao, num_concelho) values ('Hospital A', 'hospital','3','55');


--medico
insert into medico(num_cedula, nome, especialidade) values(0,'Joana', 'Pediatria');
insert into medico(num_cedula, nome, especialidade) values(1,'Beatriz', 'Anestesiologia');
insert into medico(num_cedula, nome, especialidade) values(2,'Helena', 'Oncologia');
insert into medico(num_cedula, nome, especialidade) values(3,'Jorge', 'Urologia');
insert into medico(num_cedula, nome, especialidade) values(4,'Alberto', 'Cardiologia');
insert into medico(num_cedula, nome, especialidade) values(5,'Adozinda', 'Reumatologia');


--consulta
insert into consulta(num_cedula, num_doente, data, nome_instituicao) values (0, 3, '01-01-2020', 'Farmacia Lobo'); --1
insert into consulta(num_cedula, num_doente, data, nome_instituicao) values (1, 2, '02-01-2020', 'Laboratorio Correia');
insert into consulta(num_cedula, num_doente, data, nome_instituicao) values (2, 0, '04-11-2020', 'Clinica Teixeira');--3
insert into consulta(num_cedula, num_doente, data, nome_instituicao) values (0, 4, '03-01-2020', 'Hospital Venceslau');
insert into consulta(num_cedula, num_doente, data, nome_instituicao) values (0, 5, '02-01-2020', 'Laboratorio Correia');
insert into consulta(num_cedula, num_doente, data, nome_instituicao) values (2, 5, '06-01-2020', 'Clinica Teixeira');
insert into consulta(num_cedula, num_doente, data, nome_instituicao) values (0, 4, '01-01-2020', 'Hospital Venceslau');
insert into consulta(num_cedula, num_doente, data, nome_instituicao) values (1, 1, '06-01-2020', 'Farmacia Lobo');
insert into consulta(num_cedula, num_doente, data, nome_instituicao) values (2, 3, '08-01-2020', 'Hospital Venceslau');
insert into consulta(num_cedula, num_doente, data, nome_instituicao) values (0, 2, '02-01-2020', 'Farmacia Lobo'); --2
insert into consulta(num_cedula, num_doente, data, nome_instituicao) values (1, 0, '09-01-2020', 'Laboratorio Correia');
insert into consulta(num_cedula, num_doente, data, nome_instituicao) values (2, 1, '10-01-2020', 'Clinica Teixeira');
insert into consulta(num_cedula, num_doente, data, nome_instituicao) values (0, 5, '17-11-2020', 'Hospital Venceslau');--4
insert into consulta(num_cedula, num_doente, data, nome_instituicao) values (0, 3, '17-11-2020', 'Hospital Venceslau');--5
insert into consulta(num_cedula, num_doente, data, nome_instituicao) values (2, 3, '02-11-2020', 'Hospital Venceslau');--6----
insert into consulta(num_cedula, num_doente, data, nome_instituicao) values (0, 3, '03-11-2020', 'Hospital Venceslau');--6----
insert into consulta(num_cedula, num_doente, data, nome_instituicao) values (2, 6, '17-11-2020', 'Hospital Venceslau');--6

--consultas para a 2
insert into consulta(num_cedula, num_doente, data, nome_instituicao) values (3, 3, '03-01-2019', 'Hospital Venceslau'); --a
insert into consulta(num_cedula, num_doente, data, nome_instituicao) values (3, 6, '04-01-2019', 'Hospital Venceslau'); --b
insert into consulta(num_cedula, num_doente, data, nome_instituicao) values (4, 5, '07-01-2019', 'Hospital Venceslau'); --c
insert into consulta(num_cedula, num_doente, data, nome_instituicao) values (5, 5, '03-01-2019', 'Hospital Venceslau'); --d
insert into consulta(num_cedula, num_doente, data, nome_instituicao) values (3, 3, '07-01-2019', 'Clinica X');  --e
insert into consulta(num_cedula, num_doente, data, nome_instituicao) values (5, 3, '04-01-2019', 'Clinica X');  --f
insert into consulta(num_cedula, num_doente, data, nome_instituicao) values (2, 2, '08-01-2019', 'Hospital A'); --g
insert into consulta(num_cedula, num_doente, data, nome_instituicao) values (2, 4, '08-01-2020', 'Hospital A'); --h
insert into consulta(num_cedula, num_doente, data, nome_instituicao) values (1, 4, '09-01-2020', 'Hospital A'); --i
insert into consulta(num_cedula, num_doente, data, nome_instituicao) values (1, 4, '10-01-2020', 'Hospital A'); --j
insert into consulta(num_cedula, num_doente, data, nome_instituicao) values (1, 4, '13-01-2020', 'Hospital A'); --k



--prescricao
insert into prescricao(num_cedula, num_doente, data, substancia, quant) values (0, 3, '01-01-2020', 'aspirina', 45); --1
insert into prescricao(num_cedula, num_doente, data, substancia, quant) values (0, 2, '02-01-2020', 'voltaren', 62);--2
insert into prescricao(num_cedula, num_doente, data, substancia, quant) values (2, 0, '04-11-2020', 'aspirina', 100);--3
insert into prescricao(num_cedula, num_doente, data, substancia, quant) values (0, 5, '17-11-2020', 'aspirina', 100);--4
insert into prescricao(num_cedula, num_doente, data, substancia, quant) values (0, 3, '17-11-2020', 'aspirina', 100);--5
insert into prescricao(num_cedula, num_doente, data, substancia, quant) values (2, 3, '02-11-2020', 'aspirina', 100);--6---
insert into prescricao(num_cedula, num_doente, data, substancia, quant) values (0, 3, '03-11-2020', 'aspirina', 100);--6---


insert into prescricao(num_cedula, num_doente, data, substancia, quant) values (3, 3, '03-01-2019', 'brufen', 500); --a
insert into prescricao(num_cedula, num_doente, data, substancia, quant) values (3, 6, '04-01-2019', 'aspirina', 100); --b
insert into prescricao(num_cedula, num_doente, data, substancia, quant) values (4, 5, '07-01-2019', 'aspirina', 40); --c
insert into prescricao(num_cedula, num_doente, data, substancia, quant) values (5, 5, '03-01-2019', 'voltaren', 100); --d
insert into prescricao(num_cedula, num_doente, data, substancia, quant) values (3, 3, '07-01-2019', 'aspirina', 400); --e
insert into prescricao(num_cedula, num_doente, data, substancia, quant) values (5, 3, '04-01-2019', 'brufen', 100); --f
insert into prescricao(num_cedula, num_doente, data, substancia, quant) values (2, 2, '08-01-2019', 'aspirina', 60); --g
insert into prescricao(num_cedula, num_doente, data, substancia, quant) values (2, 4, '08-01-2020', 'aspirina', 60); --h
insert into prescricao(num_cedula, num_doente, data, substancia, quant) values (1, 4, '09-01-2020', 'aspirina', 60); --i
insert into prescricao(num_cedula, num_doente, data, substancia, quant) values (1, 4, '10-01-2020', 'aspirina', 60); --j
insert into prescricao(num_cedula, num_doente, data, substancia, quant) values (1, 4, '13-01-2020', 'aspirina', 60); --k


--analise
insert into analise(num_analise, especialidade, num_cedula, num_doente, data, data_registo, nome, quant, inst)
values (0, 'Pediatria', 0, 3, '01-01-2020', '13-01-2020', 'seguir a luz', 45, 'Clinica Teixeira');
insert into analise(num_analise, especialidade, num_cedula, num_doente, data, data_registo, nome, quant, inst)
values (1, 'Anestesiologia', 1, 2, '02-01-2020', '12-01-2020', 'hemoglobinopatia', 52, 'Hospital Venceslau');
insert into analise(num_analise, especialidade, num_cedula, num_doente, data, data_registo, nome, quant, inst)
values (2, 'Oncologia', 2, 0, '04-11-2020', '15-11-2020', 'respirar bem', 60, 'Clinica Teixeira');
insert into analise(num_analise, especialidade, num_cedula, num_doente, data, data_registo, nome, quant, inst)
values (3, 'Oncologia', 2, 6, '17-11-2020', '17-11-2020', 'bater no joelho', 60, 'Clinica Teixeira');

insert into analise(num_analise, especialidade, num_cedula, num_doente, data, data_registo, nome, quant, inst)
values (4,'Pediatria', 0, 6, NULL, '17-11-2020', 'bater no joelho', 60, 'Clinica Teixeira');
insert into analise(num_analise, especialidade, num_cedula, num_doente, data, data_registo, nome, quant, inst)
values (5,'Pediatria', NULL , 7, NULL, '17-11-2020', 'bater no joelho', 60, 'Clinica Teixeira');
insert into analise(num_analise, especialidade, num_cedula, num_doente, data, data_registo, nome, quant, inst)
values (6,'Pediatria',NULL , 8, NULL, '17-11-2020', 'bater no joelho', 60, 'Clinica Teixeira');





--venda farmacia
insert into venda_farmacia(num_venda, data_registo, substancia, quant, preco, inst) values(0,'15-11-2020','aspirina',45, 50,'Farmacia Lobo');
insert into venda_farmacia(num_venda, data_registo, substancia, quant, preco, inst) values(1,'02-01-2020','voltaren',40, 500,'Clinica Teixeira');
insert into venda_farmacia(num_venda, data_registo, substancia, quant, preco, inst) values(2,'03-01-2020','aspirina',50, 100,'Farmacia Anacleto');
insert into venda_farmacia(num_venda, data_registo, substancia, quant, preco, inst) values(3,'15-11-2020','aspirina',100, 50,'Farmacia Anacleto');
insert into venda_farmacia(num_venda, data_registo, substancia, quant, preco, inst) values(4,'15-11-2020','aspirina',100, 50,'Farmacia Bliss');
insert into venda_farmacia(num_venda, data_registo, substancia, quant, preco, inst) values(5,'15-11-2020','aspirina',100, 50,'Farmacia Caramba');
insert into venda_farmacia(num_venda, data_registo, substancia, quant, preco, inst) values(6,'16-11-2020','aspirina',100, 50,'Farmacia Caramba');

insert into venda_farmacia(num_venda, data_registo, substancia, quant, preco, inst) values(7,'16-11-2020','brufen',500, 50,'Farmacia Diamante');
insert into venda_farmacia(num_venda, data_registo, substancia, quant, preco, inst) values(8,'16-11-2020','aspirina',100, 50,'Farmacia Caramba');
insert into venda_farmacia(num_venda, data_registo, substancia, quant, preco, inst) values(9,'16-11-2020','aspirina',40, 50,'Farmacia Bliss');
insert into venda_farmacia(num_venda, data_registo, substancia, quant, preco, inst) values(10,'16-11-2020','voltaren',100, 50,'Farmacia Flexers');
insert into venda_farmacia(num_venda, data_registo, substancia, quant, preco, inst) values(11,'16-11-2020','aspirina',400, 50,'Farmacia Emaculada');
insert into venda_farmacia(num_venda, data_registo, substancia, quant, preco, inst) values(12,'16-11-2020','brufen',100, 50,'Farmacia Diamante');
insert into venda_farmacia(num_venda, data_registo, substancia, quant, preco, inst) values(13,'16-11-2020','aspirina',60, 50,'Farmacia Flexers');
insert into venda_farmacia(num_venda, data_registo, substancia, quant, preco, inst) values(14,'16-11-2020','aspirina',60, 50,'Farmacia Bliss');

insert into venda_farmacia(num_venda, data_registo, substancia, quant, preco, inst) values(15,'16-11-2020','aspirina',60, 50,'Farmacia Anacleto');
insert into venda_farmacia(num_venda, data_registo, substancia, quant, preco, inst) values(16,'16-11-2020','aspirina',60, 50,'Farmacia Bliss');
insert into venda_farmacia(num_venda, data_registo, substancia, quant, preco, inst) values(17,'16-11-2020','aspirina',60, 50,'Farmacia Caramba');








--prescricao venda
insert into prescricao_venda(num_cedula, num_doente, data, substancia,num_venda) values(0,3,'01-01-2020','aspirina',0);
insert into prescricao_venda(num_cedula, num_doente, data, substancia,num_venda) values(0,2,'02-01-2020','voltaren',1);
insert into prescricao_venda(num_cedula, num_doente, data, substancia,num_venda) values(2,0,'04-11-2020','aspirina',2);
insert into prescricao_venda(num_cedula, num_doente, data, substancia,num_venda) values(0,5,'17-11-2020','aspirina',3);
insert into prescricao_venda(num_cedula, num_doente, data, substancia,num_venda) values(0,3,'17-11-2020','aspirina',4);
insert into prescricao_venda(num_cedula, num_doente, data, substancia,num_venda) values(2,3,'02-11-2020','aspirina',5);--
insert into prescricao_venda(num_cedula, num_doente, data, substancia,num_venda) values(0,3,'03-11-2020','aspirina',6);--


insert into prescricao_venda(num_cedula, num_doente, data, substancia, num_venda) values (3, 3, '03-01-2019', 'brufen', 7); --a
insert into prescricao_venda(num_cedula, num_doente, data, substancia, num_venda) values (3, 6, '04-01-2019', 'aspirina', 8); --b
insert into prescricao_venda(num_cedula, num_doente, data, substancia, num_venda) values (4, 5, '07-01-2019', 'aspirina', 9); --c
insert into prescricao_venda(num_cedula, num_doente, data, substancia, num_venda) values (5, 5, '03-01-2019', 'voltaren', 10); --d
insert into prescricao_venda(num_cedula, num_doente, data, substancia, num_venda) values (3, 3, '07-01-2019', 'aspirina', 11); --e
insert into prescricao_venda(num_cedula, num_doente, data, substancia, num_venda) values (5, 3, '04-01-2019', 'brufen', 12); --f
insert into prescricao_venda(num_cedula, num_doente, data, substancia, num_venda) values (2, 2, '08-01-2019', 'aspirina', 13); --g
insert into prescricao_venda(num_cedula, num_doente, data, substancia, num_venda) values (2, 4, '08-01-2020', 'aspirina', 14); --h
insert into prescricao_venda(num_cedula, num_doente, data, substancia, num_venda) values (1, 4, '09-01-2020', 'aspirina', 15); --i
insert into prescricao_venda(num_cedula, num_doente, data, substancia, num_venda) values (1, 4, '10-01-2020', 'aspirina', 16); --j
insert into prescricao_venda(num_cedula, num_doente, data, substancia, num_venda) values (1, 4, '13-01-2020', 'aspirina', 17); --k


